{
  "generic_ballot": 4.8,
  "n_simulations": 1000,
  "point_estimate": {
    "dem_seats": 221,
    "rep_seats": 214
  },
  "simulation": {
    "dem_mean": 220.035,
    "dem_median": 220.0,
    "dem_std": 4.73241745833987,
    "dem_min": 205,
    "dem_max": 238,
    "dem_majority_pct": 73.4,
    "rep_majority_pct": 26.599999999999994,
    "percentiles": {
      "5": 212,
      "10": 214,
      "25": 217,
      "50": 220,
      "75": 223,
      "90": 226,
      "95": 228
    }
  }
}