{
  "generic_ballot": 5.7,
  "n_simulations": 1000,
  "point_estimate": {
    "dem_seats": 222,
    "rep_seats": 213
  },
  "simulation": {
    "dem_mean": 221.311,
    "dem_median": 221.0,
    "dem_std": 4.843374753206693,
    "dem_min": 206,
    "dem_max": 238,
    "dem_majority_pct": 78.4,
    "rep_majority_pct": 21.599999999999994,
    "percentiles": {
      "5": 213,
      "10": 215,
      "25": 218,
      "50": 221,
      "75": 225,
      "90": 227,
      "95": 229
    }
  }
}