{
  "generic_ballot": 5.4,
  "n_simulations": 1000,
  "point_estimate": {
    "dem_seats": 222,
    "rep_seats": 213
  },
  "simulation": {
    "dem_mean": 220.711,
    "dem_median": 221.0,
    "dem_std": 4.82094171298513,
    "dem_min": 205,
    "dem_max": 235,
    "dem_majority_pct": 75.6,
    "rep_majority_pct": 24.400000000000006,
    "percentiles": {
      "5": 213,
      "10": 215,
      "25": 218,
      "50": 221,
      "75": 224,
      "90": 227,
      "95": 228
    }
  }
}