{
  "generic_ballot": 0.0,
  "n_simulations": 1000,
  "point_estimate": {
    "dem_seats": 220,
    "rep_seats": 215
  },
  "simulation": {
    "dem_mean": 212.435,
    "dem_median": 212.0,
    "dem_std": 5.059226719568911,
    "dem_min": 199,
    "dem_max": 233,
    "dem_majority_pct": 14.799999999999999,
    "rep_majority_pct": 85.2,
    "percentiles": {
      "5": 204,
      "10": 206,
      "25": 209,
      "50": 212,
      "75": 216,
      "90": 219,
      "95": 221
    }
  }
}