{
  "generic_ballot": 6.6,
  "n_simulations": 1000,
  "point_estimate": {
    "dem_seats": 223,
    "rep_seats": 212
  },
  "simulation": {
    "dem_mean": 222.545,
    "dem_median": 223.0,
    "dem_std": 5.047571198111028,
    "dem_min": 204,
    "dem_max": 238,
    "dem_majority_pct": 83.7,
    "rep_majority_pct": 16.299999999999997,
    "percentiles": {
      "5": 214,
      "10": 216,
      "25": 219,
      "50": 223,
      "75": 226,
      "90": 229,
      "95": 231
    }
  }
}