{
  "generic_ballot": 6.6,
  "n_simulations": 1000,
  "point_estimate": {
    "dem_seats": 223,
    "rep_seats": 212
  },
  "simulation": {
    "dem_mean": 222.793,
    "dem_median": 223.0,
    "dem_std": 4.689792212881078,
    "dem_min": 209,
    "dem_max": 237,
    "dem_majority_pct": 87.4,
    "rep_majority_pct": 12.599999999999994,
    "percentiles": {
      "5": 215,
      "10": 217,
      "25": 220,
      "50": 223,
      "75": 226,
      "90": 229,
      "95": 231
    }
  }
}