{
  "generic_ballot": 6.0,
  "n_simulations": 1000,
  "point_estimate": {
    "dem_seats": 222,
    "rep_seats": 213
  },
  "simulation": {
    "dem_mean": 221.602,
    "dem_median": 222.0,
    "dem_std": 4.989749091888289,
    "dem_min": 207,
    "dem_max": 238,
    "dem_majority_pct": 79.3,
    "rep_majority_pct": 20.700000000000003,
    "percentiles": {
      "5": 214,
      "10": 215,
      "25": 218,
      "50": 222,
      "75": 225,
      "90": 228,
      "95": 230
    }
  }
}