{
  "generic_ballot": 4.9,
  "n_simulations": 1000,
  "point_estimate": {
    "dem_seats": 221,
    "rep_seats": 214
  },
  "simulation": {
    "dem_mean": 219.937,
    "dem_median": 220.0,
    "dem_std": 4.98106725511712,
    "dem_min": 203,
    "dem_max": 235,
    "dem_majority_pct": 69.6,
    "rep_majority_pct": 30.400000000000006,
    "percentiles": {
      "5": 212,
      "10": 214,
      "25": 217,
      "50": 220,
      "75": 223,
      "90": 226,
      "95": 228
    }
  }
}