{
  "generic_ballot": 4.8,
  "n_simulations": 1000,
  "point_estimate": {
    "dem_seats": 221,
    "rep_seats": 214
  },
  "simulation": {
    "dem_mean": 219.445,
    "dem_median": 219.0,
    "dem_std": 4.809051361755247,
    "dem_min": 205,
    "dem_max": 235,
    "dem_majority_pct": 64.9,
    "rep_majority_pct": 35.099999999999994,
    "percentiles": {
      "5": 212,
      "10": 213,
      "25": 216,
      "50": 219,
      "75": 223,
      "90": 226,
      "95": 227
    }
  }
}