{
  "generic_ballot": 6.6,
  "n_simulations": 1000,
  "point_estimate": {
    "dem_seats": 223,
    "rep_seats": 212
  },
  "simulation": {
    "dem_mean": 222.716,
    "dem_median": 223.0,
    "dem_std": 4.981901644954465,
    "dem_min": 206,
    "dem_max": 239,
    "dem_majority_pct": 85.3,
    "rep_majority_pct": 14.700000000000003,
    "percentiles": {
      "5": 215,
      "10": 216,
      "25": 219,
      "50": 223,
      "75": 226,
      "90": 229,
      "95": 231
    }
  }
}