{
  "generic_ballot": 6.6,
  "n_simulations": 1000,
  "point_estimate": {
    "dem_seats": 223,
    "rep_seats": 212
  },
  "simulation": {
    "dem_mean": 222.361,
    "dem_median": 222.0,
    "dem_std": 4.880643297763113,
    "dem_min": 205,
    "dem_max": 241,
    "dem_majority_pct": 85.1,
    "rep_majority_pct": 14.900000000000006,
    "percentiles": {
      "5": 214,
      "10": 216,
      "25": 219,
      "50": 222,
      "75": 226,
      "90": 229,
      "95": 230
    }
  }
}