{
  "generic_ballot": 5.7,
  "n_simulations": 1000,
  "point_estimate": {
    "dem_seats": 222,
    "rep_seats": 213
  },
  "simulation": {
    "dem_mean": 221.172,
    "dem_median": 221.0,
    "dem_std": 5.075274967920458,
    "dem_min": 204,
    "dem_max": 238,
    "dem_majority_pct": 76.6,
    "rep_majority_pct": 23.400000000000006,
    "percentiles": {
      "5": 213,
      "10": 215,
      "25": 218,
      "50": 221,
      "75": 224,
      "90": 228,
      "95": 230
    }
  }
}