{
  "generic_ballot": 5.2,
  "n_simulations": 1000,
  "point_estimate": {
    "dem_seats": 222,
    "rep_seats": 213
  },
  "simulation": {
    "dem_mean": 220.636,
    "dem_median": 221.0,
    "dem_std": 4.9889381635774965,
    "dem_min": 203,
    "dem_max": 235,
    "dem_majority_pct": 74.4,
    "rep_majority_pct": 25.599999999999994,
    "percentiles": {
      "5": 213,
      "10": 214,
      "25": 217,
      "50": 221,
      "75": 224,
      "90": 227,
      "95": 229
    }
  }
}