{
  "generic_ballot": 5.7,
  "n_simulations": 1000,
  "point_estimate": {
    "dem_seats": 222,
    "rep_seats": 213
  },
  "simulation": {
    "dem_mean": 221.388,
    "dem_median": 221.0,
    "dem_std": 4.7262517918536675,
    "dem_min": 206,
    "dem_max": 237,
    "dem_majority_pct": 78.7,
    "rep_majority_pct": 21.299999999999997,
    "percentiles": {
      "5": 213,
      "10": 216,
      "25": 218,
      "50": 221,
      "75": 225,
      "90": 227,
      "95": 229
    }
  }
}