{
  "generic_ballot": 5.2,
  "n_simulations": 1000,
  "point_estimate": {
    "dem_seats": 222,
    "rep_seats": 213
  },
  "simulation": {
    "dem_mean": 220.937,
    "dem_median": 221.0,
    "dem_std": 4.930621766065614,
    "dem_min": 206,
    "dem_max": 238,
    "dem_majority_pct": 75.3,
    "rep_majority_pct": 24.700000000000003,
    "percentiles": {
      "5": 213,
      "10": 215,
      "25": 218,
      "50": 221,
      "75": 224,
      "90": 227,
      "95": 229
    }
  }
}