{
  "generic_ballot": 0.0,
  "n_simulations": 1000,
  "point_estimate": {
    "dem_seats": 220,
    "rep_seats": 215
  },
  "simulation": {
    "dem_mean": 212.46,
    "dem_median": 212.0,
    "dem_std": 4.7665920740084315,
    "dem_min": 196,
    "dem_max": 229,
    "dem_majority_pct": 14.399999999999999,
    "rep_majority_pct": 85.6,
    "percentiles": {
      "5": 205,
      "10": 207,
      "25": 209,
      "50": 212,
      "75": 216,
      "90": 219,
      "95": 220
    }
  }
}