{
  "generic_ballot": 5.5,
  "n_simulations": 1000,
  "point_estimate": {
    "dem_seats": 222,
    "rep_seats": 213
  },
  "simulation": {
    "dem_mean": 221.036,
    "dem_median": 221.0,
    "dem_std": 4.757594350089129,
    "dem_min": 206,
    "dem_max": 236,
    "dem_majority_pct": 77.4,
    "rep_majority_pct": 22.599999999999994,
    "percentiles": {
      "5": 213,
      "10": 215,
      "25": 218,
      "50": 221,
      "75": 224,
      "90": 227,
      "95": 229
    }
  }
}