{
  "generic_ballot": 6.6,
  "n_simulations": 1000,
  "point_estimate": {
    "dem_seats": 223,
    "rep_seats": 212
  },
  "simulation": {
    "dem_mean": 222.296,
    "dem_median": 222.0,
    "dem_std": 4.836980876538587,
    "dem_min": 206,
    "dem_max": 239,
    "dem_majority_pct": 83.8,
    "rep_majority_pct": 16.200000000000003,
    "percentiles": {
      "5": 215,
      "10": 216,
      "25": 219,
      "50": 222,
      "75": 225,
      "90": 229,
      "95": 230
    }
  }
}