{
  "generic_ballot": 5.5,
  "n_simulations": 1000,
  "point_estimate": {
    "dem_seats": 222,
    "rep_seats": 213
  },
  "simulation": {
    "dem_mean": 220.973,
    "dem_median": 221.0,
    "dem_std": 4.871372599175719,
    "dem_min": 204,
    "dem_max": 234,
    "dem_majority_pct": 78.2,
    "rep_majority_pct": 21.799999999999997,
    "percentiles": {
      "5": 213,
      "10": 215,
      "25": 218,
      "50": 221,
      "75": 224,
      "90": 228,
      "95": 229
    }
  }
}