{
  "generic_ballot": 4.8,
  "n_simulations": 1000,
  "point_estimate": {
    "dem_seats": 221,
    "rep_seats": 214
  },
  "simulation": {
    "dem_mean": 220.19,
    "dem_median": 220.0,
    "dem_std": 4.868254307244025,
    "dem_min": 204,
    "dem_max": 234,
    "dem_majority_pct": 71.6,
    "rep_majority_pct": 28.400000000000006,
    "percentiles": {
      "5": 212,
      "10": 214,
      "25": 217,
      "50": 220,
      "75": 223,
      "90": 226,
      "95": 228
    }
  }
}