{
  "generic_ballot": 6.6,
  "n_simulations": 1000,
  "point_estimate": {
    "dem_seats": 223,
    "rep_seats": 212
  },
  "simulation": {
    "dem_mean": 222.436,
    "dem_median": 222.0,
    "dem_std": 4.877694537381363,
    "dem_min": 209,
    "dem_max": 236,
    "dem_majority_pct": 82.69999999999999,
    "rep_majority_pct": 17.30000000000001,
    "percentiles": {
      "5": 214,
      "10": 216,
      "25": 219,
      "50": 222,
      "75": 226,
      "90": 229,
      "95": 230
    }
  }
}