{
  "generic_ballot": 6.6,
  "n_simulations": 1000,
  "point_estimate": {
    "dem_seats": 223,
    "rep_seats": 212
  },
  "simulation": {
    "dem_mean": 222.766,
    "dem_median": 223.0,
    "dem_std": 4.7536558562857705,
    "dem_min": 207,
    "dem_max": 236,
    "dem_majority_pct": 87.2,
    "rep_majority_pct": 12.799999999999997,
    "percentiles": {
      "5": 214,
      "10": 217,
      "25": 220,
      "50": 223,
      "75": 226,
      "90": 229,
      "95": 230
    }
  }
}