{
  "generic_ballot": 4.7,
  "n_simulations": 1000,
  "point_estimate": {
    "dem_seats": 221,
    "rep_seats": 214
  },
  "simulation": {
    "dem_mean": 219.73,
    "dem_median": 220.0,
    "dem_std": 4.85953701498404,
    "dem_min": 203,
    "dem_max": 236,
    "dem_majority_pct": 67.4,
    "rep_majority_pct": 32.599999999999994,
    "percentiles": {
      "5": 212,
      "10": 214,
      "25": 216,
      "50": 220,
      "75": 223,
      "90": 226,
      "95": 228
    }
  }
}