{
  "generic_ballot": 0.0,
  "n_simulations": 1000,
  "point_estimate": {
    "dem_seats": 220,
    "rep_seats": 215
  },
  "simulation": {
    "dem_mean": 212.347,
    "dem_median": 212.0,
    "dem_std": 4.8108825593647575,
    "dem_min": 198,
    "dem_max": 235,
    "dem_majority_pct": 14.000000000000002,
    "rep_majority_pct": 86.0,
    "percentiles": {
      "5": 205,
      "10": 206,
      "25": 209,
      "50": 212,
      "75": 215,
      "90": 219,
      "95": 220
    }
  }
}