{
  "generic_ballot": 4.8,
  "n_simulations": 1000,
  "point_estimate": {
    "dem_seats": 221,
    "rep_seats": 214
  },
  "simulation": {
    "dem_mean": 219.875,
    "dem_median": 220.0,
    "dem_std": 4.787627282903297,
    "dem_min": 206,
    "dem_max": 236,
    "dem_majority_pct": 69.8,
    "rep_majority_pct": 30.200000000000003,
    "percentiles": {
      "5": 212,
      "10": 214,
      "25": 217,
      "50": 220,
      "75": 223,
      "90": 226,
      "95": 227
    }
  }
}