{
  "generic_ballot": 5.2,
  "n_simulations": 1000,
  "point_estimate": {
    "dem_seats": 222,
    "rep_seats": 213
  },
  "simulation": {
    "dem_mean": 220.441,
    "dem_median": 220.0,
    "dem_std": 5.0630543153318035,
    "dem_min": 203,
    "dem_max": 236,
    "dem_majority_pct": 71.89999999999999,
    "rep_majority_pct": 28.10000000000001,
    "percentiles": {
      "5": 212,
      "10": 214,
      "25": 217,
      "50": 220,
      "75": 224,
      "90": 227,
      "95": 229
    }
  }
}