{
  "generic_ballot": 4.9,
  "n_simulations": 1000,
  "point_estimate": {
    "dem_seats": 221,
    "rep_seats": 214
  },
  "simulation": {
    "dem_mean": 220.228,
    "dem_median": 220.0,
    "dem_std": 4.764663261973506,
    "dem_min": 206,
    "dem_max": 236,
    "dem_majority_pct": 71.89999999999999,
    "rep_majority_pct": 28.10000000000001,
    "percentiles": {
      "5": 213,
      "10": 214,
      "25": 217,
      "50": 220,
      "75": 223,
      "90": 226,
      "95": 229
    }
  }
}