{
  "generic_ballot": 6.0,
  "n_simulations": 1000,
  "point_estimate": {
    "dem_seats": 222,
    "rep_seats": 213
  },
  "simulation": {
    "dem_mean": 221.883,
    "dem_median": 222.0,
    "dem_std": 4.72560165481603,
    "dem_min": 208,
    "dem_max": 238,
    "dem_majority_pct": 83.1,
    "rep_majority_pct": 16.900000000000006,
    "percentiles": {
      "5": 214,
      "10": 216,
      "25": 219,
      "50": 222,
      "75": 225,
      "90": 228,
      "95": 230
    }
  }
}