{
  "generic_ballot": 6.6,
  "n_simulations": 1000,
  "point_estimate": {
    "dem_seats": 223,
    "rep_seats": 212
  },
  "simulation": {
    "dem_mean": 222.561,
    "dem_median": 223.0,
    "dem_std": 4.911647279681228,
    "dem_min": 209,
    "dem_max": 237,
    "dem_majority_pct": 83.3,
    "rep_majority_pct": 16.700000000000003,
    "percentiles": {
      "5": 215,
      "10": 216,
      "25": 219,
      "50": 223,
      "75": 226,
      "90": 229,
      "95": 231
    }
  }
}