{
  "generic_ballot": 4.6,
  "n_simulations": 1000,
  "point_estimate": {
    "dem_seats": 221,
    "rep_seats": 214
  },
  "simulation": {
    "dem_mean": 219.803,
    "dem_median": 220.0,
    "dem_std": 4.938035135557462,
    "dem_min": 202,
    "dem_max": 239,
    "dem_majority_pct": 68.2,
    "rep_majority_pct": 31.799999999999997,
    "percentiles": {
      "5": 212,
      "10": 214,
      "25": 217,
      "50": 220,
      "75": 223,
      "90": 226,
      "95": 228
    }
  }
}