{
  "generic_ballot": 4.7,
  "n_simulations": 1000,
  "point_estimate": {
    "dem_seats": 221,
    "rep_seats": 214
  },
  "simulation": {
    "dem_mean": 219.514,
    "dem_median": 220.0,
    "dem_std": 4.5707552986350075,
    "dem_min": 204,
    "dem_max": 234,
    "dem_majority_pct": 67.80000000000001,
    "rep_majority_pct": 32.19999999999999,
    "percentiles": {
      "5": 212,
      "10": 214,
      "25": 217,
      "50": 220,
      "75": 223,
      "90": 225,
      "95": 227
    }
  }
}