{
  "generic_ballot": 4.3,
  "n_simulations": 1000,
  "point_estimate": {
    "dem_seats": 221,
    "rep_seats": 214
  },
  "simulation": {
    "dem_mean": 218.953,
    "dem_median": 219.0,
    "dem_std": 4.868345817626352,
    "dem_min": 205,
    "dem_max": 233,
    "dem_majority_pct": 64.9,
    "rep_majority_pct": 35.099999999999994,
    "percentiles": {
      "5": 211,
      "10": 212,
      "25": 216,
      "50": 219,
      "75": 222,
      "90": 225,
      "95": 227
    }
  }
}