{
  "generic_ballot": 6.6,
  "n_simulations": 1000,
  "point_estimate": {
    "dem_seats": 223,
    "rep_seats": 212
  },
  "simulation": {
    "dem_mean": 222.509,
    "dem_median": 223.0,
    "dem_std": 4.924217602827885,
    "dem_min": 206,
    "dem_max": 236,
    "dem_majority_pct": 84.6,
    "rep_majority_pct": 15.400000000000006,
    "percentiles": {
      "5": 215,
      "10": 217,
      "25": 219,
      "50": 223,
      "75": 226,
      "90": 229,
      "95": 231
    }
  }
}