{
  "generic_ballot": 6.6,
  "n_simulations": 1000,
  "point_estimate": {
    "dem_seats": 223,
    "rep_seats": 212
  },
  "simulation": {
    "dem_mean": 222.641,
    "dem_median": 223.0,
    "dem_std": 4.995009409400546,
    "dem_min": 207,
    "dem_max": 240,
    "dem_majority_pct": 84.89999999999999,
    "rep_majority_pct": 15.100000000000009,
    "percentiles": {
      "5": 214,
      "10": 216,
      "25": 219,
      "50": 223,
      "75": 226,
      "90": 229,
      "95": 231
    }
  }
}