{
  "generic_ballot": 4.8,
  "n_simulations": 1000,
  "point_estimate": {
    "dem_seats": 221,
    "rep_seats": 214
  },
  "simulation": {
    "dem_mean": 220.095,
    "dem_median": 220.0,
    "dem_std": 4.803537758777379,
    "dem_min": 203,
    "dem_max": 235,
    "dem_majority_pct": 69.8,
    "rep_majority_pct": 30.200000000000003,
    "percentiles": {
      "5": 213,
      "10": 214,
      "25": 217,
      "50": 220,
      "75": 223,
      "90": 226,
      "95": 229
    }
  }
}