{
  "generic_ballot": 4.6,
  "n_simulations": 1000,
  "point_estimate": {
    "dem_seats": 221,
    "rep_seats": 214
  },
  "simulation": {
    "dem_mean": 219.774,
    "dem_median": 220.0,
    "dem_std": 4.980654977008546,
    "dem_min": 204,
    "dem_max": 234,
    "dem_majority_pct": 68.2,
    "rep_majority_pct": 31.799999999999997,
    "percentiles": {
      "5": 212,
      "10": 213,
      "25": 216,
      "50": 220,
      "75": 223,
      "90": 226,
      "95": 228
    }
  }
}