{
  "generic_ballot": 6.6,
  "n_simulations": 1000,
  "point_estimate": {
    "dem_seats": 223,
    "rep_seats": 212
  },
  "simulation": {
    "dem_mean": 222.701,
    "dem_median": 223.0,
    "dem_std": 5.030467075729648,
    "dem_min": 205,
    "dem_max": 237,
    "dem_majority_pct": 85.6,
    "rep_majority_pct": 14.400000000000006,
    "percentiles": {
      "5": 214,
      "10": 216,
      "25": 219,
      "50": 223,
      "75": 226,
      "90": 229,
      "95": 231
    }
  }
}