{
  "generic_ballot": 6.6,
  "n_simulations": 1000,
  "point_estimate": {
    "dem_seats": 223,
    "rep_seats": 212
  },
  "simulation": {
    "dem_mean": 222.685,
    "dem_median": 223.0,
    "dem_std": 5.047155139283911,
    "dem_min": 207,
    "dem_max": 239,
    "dem_majority_pct": 84.2,
    "rep_majority_pct": 15.799999999999997,
    "percentiles": {
      "5": 214,
      "10": 216,
      "25": 219,
      "50": 223,
      "75": 226,
      "90": 229,
      "95": 231
    }
  }
}