{
  "generic_ballot": 6.6,
  "n_simulations": 1000,
  "point_estimate": {
    "dem_seats": 223,
    "rep_seats": 212
  },
  "simulation": {
    "dem_mean": 222.455,
    "dem_median": 222.0,
    "dem_std": 4.864974306201421,
    "dem_min": 207,
    "dem_max": 237,
    "dem_majority_pct": 85.6,
    "rep_majority_pct": 14.400000000000006,
    "percentiles": {
      "5": 214,
      "10": 217,
      "25": 219,
      "50": 222,
      "75": 226,
      "90": 229,
      "95": 230
    }
  }
}