{
  "generic_ballot": 6.0,
  "n_simulations": 1000,
  "point_estimate": {
    "dem_seats": 222,
    "rep_seats": 213
  },
  "simulation": {
    "dem_mean": 221.653,
    "dem_median": 222.0,
    "dem_std": 4.831210096859792,
    "dem_min": 206,
    "dem_max": 238,
    "dem_majority_pct": 79.80000000000001,
    "rep_majority_pct": 20.19999999999999,
    "percentiles": {
      "5": 214,
      "10": 216,
      "25": 218,
      "50": 222,
      "75": 225,
      "90": 228,
      "95": 230
    }
  }
}