{
  "generic_ballot": 6.6,
  "n_simulations": 1000,
  "point_estimate": {
    "dem_seats": 223,
    "rep_seats": 212
  },
  "simulation": {
    "dem_mean": 222.707,
    "dem_median": 223.0,
    "dem_std": 4.789274579724991,
    "dem_min": 207,
    "dem_max": 236,
    "dem_majority_pct": 86.4,
    "rep_majority_pct": 13.599999999999994,
    "percentiles": {
      "5": 215,
      "10": 216,
      "25": 220,
      "50": 223,
      "75": 226,
      "90": 229,
      "95": 230
    }
  }
}