{
  "generic_ballot": 4.5,
  "n_simulations": 1000,
  "point_estimate": {
    "dem_seats": 221,
    "rep_seats": 214
  },
  "simulation": {
    "dem_mean": 219.45,
    "dem_median": 220.0,
    "dem_std": 4.710785497133148,
    "dem_min": 204,
    "dem_max": 232,
    "dem_majority_pct": 66.10000000000001,
    "rep_majority_pct": 33.89999999999999,
    "percentiles": {
      "5": 212,
      "10": 213,
      "25": 216,
      "50": 220,
      "75": 223,
      "90": 225,
      "95": 227
    }
  }
}