{
  "generic_ballot": 5.9,
  "n_simulations": 1000,
  "point_estimate": {
    "dem_seats": 222,
    "rep_seats": 213
  },
  "simulation": {
    "dem_mean": 221.709,
    "dem_median": 222.0,
    "dem_std": 4.8881815637310355,
    "dem_min": 206,
    "dem_max": 236,
    "dem_majority_pct": 81.39999999999999,
    "rep_majority_pct": 18.60000000000001,
    "percentiles": {
      "5": 214,
      "10": 215,
      "25": 218,
      "50": 222,
      "75": 225,
      "90": 228,
      "95": 230
    }
  }
}