{
  "generic_ballot": 4.7,
  "n_simulations": 1000,
  "point_estimate": {
    "dem_seats": 221,
    "rep_seats": 214
  },
  "simulation": {
    "dem_mean": 219.785,
    "dem_median": 220.0,
    "dem_std": 4.8054942513751895,
    "dem_min": 203,
    "dem_max": 234,
    "dem_majority_pct": 67.30000000000001,
    "rep_majority_pct": 32.69999999999999,
    "percentiles": {
      "5": 212,
      "10": 213,
      "25": 216,
      "50": 220,
      "75": 223,
      "90": 226,
      "95": 228
    }
  }
}