{
  "generic_ballot": 6.0,
  "n_simulations": 1000,
  "point_estimate": {
    "dem_seats": 222,
    "rep_seats": 213
  },
  "simulation": {
    "dem_mean": 221.933,
    "dem_median": 222.0,
    "dem_std": 5.064633352968406,
    "dem_min": 208,
    "dem_max": 239,
    "dem_majority_pct": 80.7,
    "rep_majority_pct": 19.299999999999997,
    "percentiles": {
      "5": 214,
      "10": 216,
      "25": 218,
      "50": 222,
      "75": 225,
      "90": 229,
      "95": 230
    }
  }
}