{
  "generic_ballot": 4.8,
  "n_simulations": 1000,
  "point_estimate": {
    "dem_seats": 221,
    "rep_seats": 214
  },
  "simulation": {
    "dem_mean": 219.943,
    "dem_median": 220.0,
    "dem_std": 4.947297342994455,
    "dem_min": 204,
    "dem_max": 236,
    "dem_majority_pct": 67.9,
    "rep_majority_pct": 32.099999999999994,
    "percentiles": {
      "5": 212,
      "10": 214,
      "25": 216,
      "50": 220,
      "75": 223,
      "90": 226,
      "95": 228
    }
  }
}