{
  "generic_ballot": 6.6,
  "n_simulations": 1000,
  "point_estimate": {
    "dem_seats": 223,
    "rep_seats": 212
  },
  "simulation": {
    "dem_mean": 222.533,
    "dem_median": 222.0,
    "dem_std": 4.835794764048615,
    "dem_min": 206,
    "dem_max": 240,
    "dem_majority_pct": 85.2,
    "rep_majority_pct": 14.799999999999997,
    "percentiles": {
      "5": 215,
      "10": 216,
      "25": 219,
      "50": 222,
      "75": 226,
      "90": 229,
      "95": 230
    }
  }
}