{
  "generic_ballot": 6.6,
  "n_simulations": 1000,
  "point_estimate": {
    "dem_seats": 223,
    "rep_seats": 212
  },
  "simulation": {
    "dem_mean": 222.669,
    "dem_median": 223.0,
    "dem_std": 4.707168894356776,
    "dem_min": 207,
    "dem_max": 236,
    "dem_majority_pct": 85.39999999999999,
    "rep_majority_pct": 14.600000000000009,
    "percentiles": {
      "5": 215,
      "10": 217,
      "25": 219,
      "50": 223,
      "75": 226,
      "90": 229,
      "95": 230
    }
  }
}