{
  "generic_ballot": 5.2,
  "n_simulations": 1000,
  "point_estimate": {
    "dem_seats": 222,
    "rep_seats": 213
  },
  "simulation": {
    "dem_mean": 220.289,
    "dem_median": 220.0,
    "dem_std": 4.8938204911909065,
    "dem_min": 204,
    "dem_max": 239,
    "dem_majority_pct": 71.8,
    "rep_majority_pct": 28.200000000000003,
    "percentiles": {
      "5": 213,
      "10": 214,
      "25": 217,
      "50": 220,
      "75": 224,
      "90": 226,
      "95": 228
    }
  }
}