{
  "generic_ballot": 6.6,
  "n_simulations": 1000,
  "point_estimate": {
    "dem_seats": 223,
    "rep_seats": 212
  },
  "simulation": {
    "dem_mean": 222.53,
    "dem_median": 222.0,
    "dem_std": 4.840154956197167,
    "dem_min": 205,
    "dem_max": 236,
    "dem_majority_pct": 85.8,
    "rep_majority_pct": 14.200000000000003,
    "percentiles": {
      "5": 214,
      "10": 216,
      "25": 220,
      "50": 222,
      "75": 226,
      "90": 229,
      "95": 231
    }
  }
}