{
  "generic_ballot": 4.6,
  "n_simulations": 1000,
  "point_estimate": {
    "dem_seats": 221,
    "rep_seats": 214
  },
  "simulation": {
    "dem_mean": 219.798,
    "dem_median": 220.0,
    "dem_std": 4.907870821445894,
    "dem_min": 203,
    "dem_max": 236,
    "dem_majority_pct": 67.60000000000001,
    "rep_majority_pct": 32.39999999999999,
    "percentiles": {
      "5": 212,
      "10": 213,
      "25": 216,
      "50": 220,
      "75": 223,
      "90": 226,
      "95": 228
    }
  }
}