{
  "generic_ballot": 5.0,
  "n_simulations": 1000,
  "point_estimate": {
    "dem_seats": 221,
    "rep_seats": 214
  },
  "simulation": {
    "dem_mean": 220.527,
    "dem_median": 221.0,
    "dem_std": 4.9543184193186445,
    "dem_min": 206,
    "dem_max": 236,
    "dem_majority_pct": 74.3,
    "rep_majority_pct": 25.700000000000003,
    "percentiles": {
      "5": 212,
      "10": 214,
      "25": 217,
      "50": 221,
      "75": 224,
      "90": 227,
      "95": 228
    }
  }
}