{
  "generic_ballot": 5.2,
  "n_simulations": 1000,
  "point_estimate": {
    "dem_seats": 222,
    "rep_seats": 213
  },
  "simulation": {
    "dem_mean": 220.689,
    "dem_median": 221.0,
    "dem_std": 4.695346526083032,
    "dem_min": 207,
    "dem_max": 238,
    "dem_majority_pct": 74.1,
    "rep_majority_pct": 25.900000000000006,
    "percentiles": {
      "5": 213,
      "10": 215,
      "25": 217,
      "50": 221,
      "75": 224,
      "90": 226,
      "95": 228
    }
  }
}